{
  "page": 24,
  "table_id": 2,
  "table_bbox": [
    173.90400085449218,
    604.199951171875,
    535.7339874267578,
    639.3599853515625
  ],
  "rows": 2,
  "columns": 7,
  "content": [
    [
      "Artikelnummer",
      "ID mm",
      "ID tum",
      "YD mm",
      "Böjradie mm",
      "Sprängtr. MPa",
      "Vikt kg/m"
    ],
    [
      "1055-95-06",
      "9,5",
      "3/8\"",
      "17,4",
      "90",
      "132,0",
      "0,42"
    ]
  ],
  "extraction_method": "VLM",
  "model": "qwen3-vl:235b-cloud"
}