{
  "page": 31,
  "table_id": 2,
  "table_bbox": [
    172.76571437290735,
    642.7200317382812,
    536.4171534946987,
    679.6799926757812
  ],
  "rows": 2,
  "columns": 7,
  "content": [
    [
      "Artikelnummer",
      "ID mm",
      "ID tum",
      "YD mm",
      "Arb.tr. MPa",
      "Böjradie mm",
      "Vikt kg/m"
    ],
    [
      "1059-04-04",
      "6,5",
      "1/4\"",
      "11,5",
      "35,0",
      "50",
      "0,16"
    ]
  ],
  "extraction_method": "VLM",
  "model": "qwen3-vl:235b-cloud"
}