{
  "page": 18,
  "table_id": 2,
  "table_bbox": [
    173.80800170898436,
    622.5599975585938,
    530.9466610863095,
    657.719970703125
  ],
  "rows": 2,
  "columns": 7,
  "content": [
    [
      "Artikelnr",
      "ID mm",
      "ID tum",
      "YD mm",
      "Arb.tr. MPa",
      "Böjradie mm",
      "Vikt kg/m"
    ],
    [
      "1020-83-20",
      "32",
      "1 1/4\"",
      "47,0",
      "21",
      "210",
      "2,40"
    ]
  ],
  "extraction_method": "VLM",
  "model": "qwen3-vl:235b-cloud"
}