{
  "page": 40,
  "table_id": 2,
  "table_bbox": [
    173.93142918178015,
    618.3599853515625,
    535.7929400275735,
    653.52001953125
  ],
  "rows": 2,
  "columns": 6,
  "content": [
    [
      "Artikelnummer",
      "ID mm",
      "ID tum",
      "Arb.tr. MPa",
      "Böjradie mm",
      "Vikt kg/m"
    ],
    [
      "1201-47-05",
      "7,6",
      "5/16\"",
      "3035",
      "300",
      "1,055"
    ]
  ],
  "extraction_method": "VLM",
  "model": "qwen3-vl:235b-cloud"
}