{
  "page": 3,
  "table_id": 1,
  "table_bbox": [
    306.1199951171875,
    264.4800109863281,
    536.1600341796875,
    312.4800109863281
  ],
  "rows": 6,
  "columns": 3,
  "content": [
    [
      "1059-04",
      "T8081, tvilling, non conductive",
      "44"
    ],
    [
      "1058-01",
      "T3011",
      "45"
    ],
    [
      "1058-50",
      "T3081, non conductive",
      "45"
    ],
    [
      "1058",
      "T3012, tvilling",
      "46"
    ],
    [
      "1056-02",
      "T3311",
      "46"
    ],
    [
      "1057-01",
      "T6071",
      "47"
    ]
  ],
  "extraction_method": "VLM",
  "model": "qwen3-vl:235b-cloud"
}