{
  "page": 27,
  "table_id": 2,
  "table_bbox": [
    174.87271950461647,
    614.52001953125,
    538.5490833629261,
    651.4800415039062
  ],
  "rows": 2,
  "columns": 7,
  "content": [
    [
      "Artikelnummer",
      "ID mm",
      "ID tum",
      "YD mm",
      "Arb.tr. MPa",
      "Böjradie mm",
      "Vikt kg/m"
    ],
    [
      "1029-01-06",
      "10,0",
      "3/8\"",
      "15,8",
      "28,0",
      "60",
      "0,46"
    ]
  ],
  "extraction_method": "VLM",
  "model": "qwen3-vl:235b-cloud"
}