{
  "page": 21,
  "table_id": 1,
  "table_bbox": [
    174.26400299072264,
    252.72000122070312,
    537.4799860174006,
    287.8800048828125
  ],
  "rows": 2,
  "columns": 7,
  "content": [
    [
      "Artikelnr",
      "ID mm",
      "ID tum",
      "YD mm",
      "Arb.tr. MPa",
      "Böjradie mm",
      "Vikt kg/m"
    ],
    [
      "1135-13-32",
      "51,0",
      "2\"",
      "71,6",
      "35,0",
      "630",
      "6,31"
    ]
  ],
  "extraction_method": "VLM",
  "model": "qwen3-vl:235b-cloud"
}