{
  "page": 11,
  "table_id": 2,
  "table_bbox": [
    173.93142918178015,
    610.3200073242188,
    537.1885637555804,
    645.47998046875
  ],
  "rows": 2,
  "columns": 7,
  "content": [
    [
      "Artikelnr",
      "ID mm",
      "ID tum",
      "YD mm",
      "Arb.tr. MPa",
      "Böjradie mm",
      "Vikt kg/m"
    ],
    [
      "1101-00-03",
      "5,0",
      "3/16\"",
      "11,8",
      "25,0",
      "90",
      "0,19"
    ]
  ],
  "extraction_method": "VLM",
  "model": "qwen3-vl:235b-cloud"
}