{
  "page": 33,
  "table_id": 2,
  "table_bbox": [
    174.1320022583008,
    617.6400146484375,
    537.8880065917969,
    656.2799682617188
  ],
  "rows": 2,
  "columns": 7,
  "content": [
    [
      "Artikelnummer",
      "ID mm",
      "ID tum",
      "YD mm",
      "Arb.tr. MPa",
      "Böjradie mm",
      "Vikt kg/m"
    ],
    [
      "1056-02-04",
      "6,5",
      "1/4\"",
      "14,3",
      "80,0",
      "35",
      "0,25"
    ]
  ],
  "extraction_method": "VLM",
  "model": "qwen3-vl:235b-cloud"
}